Word,BSL Rank,SFI,U,D,F
mister,1,71.51,1416.4,0.3911,148318
goods,2,66.71,468.5,0.9049,32524
equity,3,66.15,411.67,0.8449,29962
dividend,4,65.15,327.16,0.7245,26620
portfolio,5,64.97,314.17,0.704,25984
sponsorship,6,62.37,172.54,0.1475,23455
inventory,7,63.62,230.19,0.5898,21186
transaction,8,64.52,283.43,0.8335,20846
non,9,64.38,273.88,0.9751,18037
lease,10,63.06,202.09,0.6443,17927
hedge,11,62.32,170.71,0.6083,15666
distribution,12,63.3,213.91,0.8564,15423
premium,13,62.93,196.21,0.7651,15412
client,14,63.27,212.36,0.9025,14829
impact,15,63.3,213.6,0.9181,14676
authority,16,63.37,217.48,0.9609,14464
obtain,17,62.67,184.93,0.8731,13175
maturity,18,61.63,145.44,0.6909,12214
publish,19,62.63,183.07,0.97,12093
sometime,20,62.08,161.3,0.9977,10447
economist,21,61.59,144.2,0.8957,10011
media,22,61.78,150.64,0.9753,9909
marginal,23,60.97,124.98,0.7714,9622
seller,24,61.28,134.26,0.8872,9457
candidate,25,60.86,121.89,0.8122,8983
merger,26,61.37,137.16,0.9961,8894
audit,27,61.09,128.4,0.9185,8838
e-book,28,60.51,112.43,0.7873,8516
consumption,29,60.96,124.67,0.936,8448
variance,30,59.49,88.89,0.5417,8383
depreciation,31,59.88,97.18,0.6805,8094
strategic,32,60.71,117.86,0.9216,8070
anti,33,59.89,97.41,0.6651,8029
recession,34,60.73,118.2,0.9739,7787
entity,35,59.9,97.74,0.7393,7785
utility,36,60.39,109.43,0.8804,7721
productivity,37,60.63,115.54,0.9554,7715
euro,38,59.75,94.31,0.6813,7654
overhead,39,58.95,78.52,0.5158,7555
organizational,40,59.84,96.33,0.7613,7498
commodity,41,60.23,105.4,0.8803,7454
monetary,42,60.42,110.17,0.9813,7220
aggregate,43,59.8,95.61,0.8218,7092
valuation,44,59.81,95.75,0.8358,7054
fiscal,45,60.13,103,0.9642,6827
payable,46,59.29,84.9,0.7266,6807
default,47,59.8,95.61,0.8993,6662
aspect,48,59.91,97.84,0.9321,6658
calculation,49,59.62,91.62,0.8615,6580
subsidiary,50,59.87,97.02,0.955,6483
mid,51,59.86,96.85,0.9536,6472
allocation,52,59.23,83.75,0.7884,6426
rose,53,59.45,88.08,0.8447,6357
coupon,54,58.95,78.52,0.7262,6337
volatility,55,58.81,76.01,0.7026,6336
retailer,56,59.85,96.67,0.9838,6324
deviation,57,58.64,73.1,0.6447,6290
receivable,58,58.03,63.59,0.498,6280
equilibrium,59,59.13,81.8,0.7814,6264
pre,60,59.7,93.43,0.9628,6209
creditor,61,59.52,89.57,0.9078,6191
derivative,62,59.09,81.08,0.8291,5967
sub,63,58.37,68.7,0.6832,5955
incur,64,59.04,80.19,0.8237,5932
surplus,65,59.5,89.2,0.9966,5782
annuity,66,57.44,55.41,0.5113,5722
disclosure,67,58.9,77.68,0.8499,5646
regime,68,58.53,71.26,0.7167,5640
risky,70,58.86,76.89,0.8838,5401
leverage,71,58.37,68.65,0.7569,5384
website,72,57.74,59.44,0.5884,5378
broker,73,58.84,76.61,0.8936,5374
outstanding,74,58.71,74.24,0.8647,5316
internet,75,57.99,63,0.6393,5299
parliament,76,56.92,49.22,0.3893,5183
coalition,77,57.15,51.87,0.4457,5135
maximize,78,58.36,68.48,0.8091,5131
beta,79,57.72,59.21,0.6414,5120
lender,80,58.7,74.08,0.9354,5028
gross,81,58.51,70.91,0.8818,5019
liquidity,82,58.68,73.77,0.9408,4983
stockholder,83,56.64,46.17,0.4259,4915
vendor,84,58.46,70.12,0.9013,4882
fraud,85,58.67,73.59,0.9714,4854
allocate,86,58.37,68.7,0.8921,4819
regulator,87,58.01,63.3,0.7709,4808
conference,88,58.4,69.16,0.9026,4803
par,89,57.74,59.38,0.7166,4786
swap,90,58.18,65.83,0.8568,4744
bankruptcy,91,58.49,70.69,0.9517,4727
provider,92,57.76,59.7,0.7564,4712
regression,93,57.04,50.54,0.5598,4700
turnover,94,58.29,67.41,0.9038,4688
criteria,95,58.21,66.18,0.8846,4671
accountant,96,58.1,64.59,0.861,4638
constitution,97,56.67,46.43,0.4425,4615
trader,98,58.21,66.24,0.9128,4576
monopoly,99,58.34,68.23,0.9513,4566
correlation,100,57.41,55.1,0.7022,4564
stockmarket,101,56.21,41.79,0.3492,4556
ex,102,58.42,69.43,0.9919,4515
profitable,103,58.38,68.94,0.9858,4503
breach,104,58.08,64.23,0.8996,4486
subsidy,105,57.99,62.96,0.8755,4437
auditor,106,58.09,64.42,0.9194,4427
banker,107,58.15,65.3,0.9364,4412
corruption,108,56.35,43.19,0.412,4412
issuer,109,57.16,51.98,0.6959,4352
borrower,110,58.19,65.96,0.9825,4319
insurer,111,57.69,58.71,0.8501,4246
patent,112,57.95,62.33,0.9275,4236
profitability,113,57.69,58.74,0.8637,4213
debit,114,56.83,48.2,0.636,4157
duration,115,57.11,51.37,0.7474,4077
scenario,116,57.35,54.35,0.8162,4045
terrorism,117,55.68,37.01,0.3515,4013
respondent,118,57.37,54.63,0.83,4009
regulatory,119,57.8,60.28,0.9684,3989
takeover,120,57.65,58.19,0.9188,3988
coefficient,121,56.84,48.27,0.7111,3952
indicator,122,57.28,53.51,0.8337,3946
classify,123,57.34,54.17,0.8508,3909
receipt,124,57.44,55.44,0.8876,3905
optimal,125,56.92,49.25,0.7466,3895
nominal,126,57.43,55.37,0.8878,3885
infrastructure,127,57.49,56.11,0.9126,3858
disclose,128,57.56,57.02,0.9452,3839
offset,129,57.51,56.41,0.95,3784
effectiveness,130,57.2,52.49,0.8726,3739
merchandise,131,56.36,43.25,0.6394,3708
bound,132,57.54,56.82,0.9923,3694
bargain,133,57.24,53,0.908,3673
conversion,134,56.91,49.09,0.8127,3651
statistics,135,57.4,54.97,0.9679,3638
stakeholder,136,56.22,41.89,0.6383,3621
administrative,137,57.1,51.33,0.9013,3571
taxpayer,138,56.92,49.26,0.859,3559
alliance,139,56.88,48.71,0.8234,3558
minimize,140,56.93,49.37,0.8692,3523
flexibility,141,57.17,52.1,0.9494,3497
debtor,142,56.5,44.66,0.7542,3482
liable,143,56.89,48.84,0.8715,3479
authorize,144,57.1,51.32,0.9376,3476
parameter,145,56.23,41.95,0.7034,3470
integration,146,57.27,53.38,0.9934,3468
scandal,147,55.93,39.16,0.573,3467
interval,148,56.36,43.24,0.737,3439
defer,149,56.73,47.13,0.8412,3438
carrier,150,57.16,51.99,0.9698,3435
worldwide,151,57.19,52.34,0.9819,3429
payoff,152,55.72,37.36,0.5787,3417
ethical,153,55.8,38.03,0.5886,3393
click,154,55.93,39.14,0.6645,3369
publicly,155,57.08,51.05,0.9734,3363
bonus,156,57.05,50.68,0.9662,3360
governance,157,56.85,48.44,0.905,3348
contractor,158,56.88,48.79,0.9238,3346
marketer,159,55.65,36.69,0.5876,3302
benchmark,160,56.3,42.68,0.7778,3290
rebel,161,54.48,28.06,0.2844,3268
statute,162,56.14,41.09,0.731,3257
born,163,56.46,44.26,0.8159,3254
restructure,164,56.96,49.7,0.988,3241
residual,166,55.93,39.19,0.695,3224
bubble,167,56.16,41.26,0.7354,3219
arbitrage,168,56.24,42.09,0.8086,3179
acceptance,169,56.62,45.94,0.909,3177
expertise,170,56.75,47.28,0.9602,3149
execute,171,56.46,44.26,0.8711,3149
airport,172,56.23,41.94,0.7916,3141
warranty,173,56.18,41.45,0.802,3134
query,174,55.76,37.68,0.6792,3127
deem,175,56.78,47.59,0.9798,3122
dynamic,176,56.53,45,0.911,3112
defendant,177,56.25,42.19,0.8263,3106
statistical,178,56.37,43.38,0.8731,3087
matrix,179,55.98,39.6,0.761,3086
graph,180,56.05,40.24,0.7817,3080
allowance,181,56.35,43.18,0.8744,3077
commerce,182,56.35,43.12,0.87,3061
assignment,183,56.18,41.45,0.8304,3059
enforce,184,56.68,46.61,0.9801,3056
emission,185,56.38,43.49,0.8815,3052
workforce,186,56.71,46.89,0.9928,3048
founder,187,56.35,43.19,0.8853,3022
replacement,188,56.59,45.59,0.9699,3013
warrant,189,56.39,43.52,0.9064,3012
tenant,190,55.84,38.4,0.7821,3004
telecom,191,55.37,34.4,0.5927,3002
accumulate,192,56.23,41.95,0.8732,2980
diversify,193,56.28,42.45,0.8931,2974
feedback,194,56.14,41.16,0.8552,2966
behalf,195,56.41,43.74,0.9374,2965
exploit,196,56.55,45.14,0.9829,2954
diagram,197,55.56,35.98,0.6981,2948
referendum,198,54.45,27.86,0.3801,2946
indirect,199,56.14,41.15,0.8628,2945
treaty,200,55.63,36.52,0.7065,2914
auction,201,56.51,44.81,0.9943,2909
sophisticate,202,56.5,44.69,0.995,2900
multi,203,56.27,42.33,0.9241,2900
businessman,204,55.51,35.56,0.6868,2897
assembly,205,56.47,44.39,0.9876,2895
costly,206,56.46,44.23,0.9828,2894
commonly,207,56.09,40.6,0.8734,2888
superior,208,56.27,42.37,0.9302,2883
taxation,209,56.19,41.6,0.9095,2883
certificate,210,56.03,40.09,0.8672,2880
shortage,211,56.36,43.28,0.9624,2872
technological,212,56.4,43.65,0.9808,2861
multinational,213,56.32,42.88,0.9607,2849
plaintiff,214,55.82,38.23,0.8158,2843
prohibit,215,55.94,39.31,0.8491,2842
withdrawal,216,56.35,43.13,0.985,2819
prediction,217,56.28,42.44,0.963,2818
tariff,218,56.13,41.05,0.9144,2815
lobby,219,55.44,34.99,0.6969,2814
shrink,220,55.74,37.47,0.7895,2807
sharply,221,55.77,37.73,0.8072,2793
foreigner,222,54.98,31.45,0.5719,2792
compensate,223,56.22,41.86,0.9582,2789
merge,224,56.33,42.98,0.9966,2786
operational,225,56.05,40.24,0.9123,2780
consolidate,226,56.2,41.68,0.9595,2774
taxable,227,55.11,32.44,0.6815,2773
completion,228,55.74,37.54,0.8325,2768
disadvantage,229,56.06,40.38,0.9212,2765
productive,230,56.17,41.35,0.9563,2759
managerial,231,55.72,37.31,0.8245,2754
subordinate,232,55.65,36.73,0.8053,2752
compliance,233,55.79,37.93,0.856,2750
inflow,234,55.67,36.88,0.8044,2748
pledge,235,55.85,38.46,0.8638,2734
cabinet,236,55.02,31.77,0.6125,2734
satellite,237,55.78,37.86,0.8437,2732
collateral,238,55.67,36.89,0.8302,2707
modest,239,55.81,38.14,0.873,2695
convertible,240,55.62,36.48,0.8308,2688
thereby,241,56.04,40.14,0.9545,2683
ledger,242,54.62,29,0.5609,2679
linear,243,55.17,32.89,0.7124,2675
summit,244,53.86,24.34,0.3441,2664
repay,245,56.05,40.3,0.9723,2659
loyalty,246,56.04,40.17,0.9666,2659
ministry,247,54.67,29.29,0.5629,2631
multiply,248,55.57,36.05,0.8467,2612
exclusive,249,55.86,38.53,0.9373,2610
headquarter,250,55.99,39.68,0.9759,2609
guidance,251,55.7,37.16,0.8955,2607
rental,252,55.37,34.44,0.8048,2605
comply,253,55.92,39.05,0.96,2601
tech,254,55.78,37.88,0.916,2594
consensus,255,55.97,39.57,0.9816,2591
essentially,256,55.93,39.16,0.9701,2588
presidency,257,53.54,22.59,0.3007,2583
rational,258,55.73,37.45,0.9189,2572
con,259,54.96,31.3,0.6845,2571
violation,260,55.13,32.57,0.734,2570
undermine,261,55.35,34.26,0.8007,2548
applicable,262,55.05,31.97,0.7521,2548
quarterly,263,55.56,35.97,0.8855,2536
payroll,264,55.65,36.75,0.9145,2531
identical,265,55.63,36.57,0.9083,2529
warehouse,266,55.53,35.75,0.8797,2527
immigration,267,53.62,23,0.3382,2524
download,268,54.48,28.06,0.6252,2512
facilitate,269,55.44,34.96,0.8621,2511
surge,270,55.23,33.33,0.7898,2500
substantially,271,55.5,35.48,0.8929,2490
spreadsheet,272,55.33,34.09,0.8427,2490
accuracy,273,55.19,33.07,0.8137,2481
favorable,274,55.65,36.74,0.9434,2476
predecessor,275,54.83,30.39,0.6813,2467
annually,276,55.38,34.49,0.8675,2466
deputy,277,54.33,27.13,0.5559,2461
sue,278,55.59,36.24,0.9345,2452
availability,279,55.4,34.64,0.8843,2447
sole,280,55.61,36.39,0.949,2442
outsource,281,55.16,32.81,0.8138,2429
entrepreneur,282,55.7,37.17,0.9873,2425
chancellor,283,53.47,22.24,0.3579,2406
lawsuit,284,55.15,32.71,0.8182,2399
notably,285,54.97,31.43,0.7678,2398
fluctuation,286,55.17,32.92,0.846,2397
discrimination,287,55.53,35.73,0.9558,2383
soar,288,54.89,30.84,0.7552,2374
widespread,289,55.38,34.54,0.9204,2359
valid,290,55.24,33.42,0.885,2358
goodwill,291,55.13,32.59,0.8486,2355
diversification,292,54.95,31.25,0.8046,2355
likelihood,293,55.29,33.81,0.9004,2352
machinery,294,55.41,34.79,0.943,2344
orient,295,55.2,33.13,0.8777,2344
usage,296,55.06,32.08,0.8438,2339
metric,297,54.07,25.5,0.5974,2338
insider,298,55.36,34.4,0.9365,2330
railway,299,54.21,26.36,0.6262,2329
minus,300,54.93,31.13,0.8109,2327
constitutional,301,54.45,27.88,0.6466,2327
privatization,302,54.75,29.87,0.7551,2324
tactic,303,55.39,34.6,0.9473,2319
missile,304,53.68,23.34,0.4477,2319
invoice,305,54.93,31.12,0.8227,2315
remedy,306,55.43,34.89,0.9655,2312
innovative,307,55.35,34.31,0.9437,2312
accordance,308,54.92,31.03,0.8322,2304
parliamentary,309,53.58,22.81,0.4319,2303
vertical,310,55,31.6,0.8415,2301
reinforce,311,55.49,35.37,0.9937,2297
franchise,312,55.34,34.19,0.9492,2294
purchaser,313,54.72,29.66,0.7902,2289
activist,314,54.48,28.06,0.6793,2288
node,315,54.1,25.68,0.6035,2285
consultancy,316,54.74,29.77,0.764,2284
classification,317,54.69,29.47,0.7755,2278
utilize,318,54.44,27.78,0.7219,2276
methodology,319,54.33,27.1,0.6876,2275
applicant,320,55.4,34.65,0.9801,2273
upward,321,55.35,34.28,0.9665,2270
charter,322,55.39,34.62,0.9838,2265
separately,323,55.24,33.4,0.9394,2259
vulnerable,324,55.03,31.87,0.8673,2259
dominant,325,55.39,34.62,0.9885,2257
citation,326,53.96,24.86,0.5894,2253
subscription,327,55.32,34.08,0.9693,2252
lessee,328,53.83,24.18,0.583,2243
downturn,329,55,31.62,0.8709,2242
communist,330,54.08,25.56,0.5919,2238
bust,331,54.32,27.03,0.667,2222
specification,332,54.87,30.71,0.8574,2217
execution,333,55.18,32.98,0.9464,2216
disposal,334,54.97,31.39,0.8854,2216
inspection,335,55.27,33.69,0.9878,2197
sensitivity,336,54.79,30.14,0.8421,2196
rally,337,54.66,29.27,0.795,2195
intangible,338,54.39,27.49,0.7314,2195
successor,339,54.54,28.48,0.7523,2191
exempt,340,54.87,30.71,0.8778,2188
globalization,341,54.48,28.03,0.7355,2183
violate,342,54.74,29.76,0.826,2182
elasticity,343,54.23,26.46,0.6928,2181
weaken,344,54.84,30.46,0.8566,2176
accrue,345,54.73,29.69,0.8425,2167
deduct,346,54.68,29.36,0.8355,2159
reluctant,347,54.77,29.97,0.8452,2158
supervisor,348,54.87,30.67,0.886,2155
duplicate,349,53.92,24.69,0.6185,2154
interim,350,55.1,32.33,0.9694,2137
payout,351,54.17,26.13,0.7209,2136
suppress,352,53.96,24.91,0.6271,2136
expire,353,54.89,30.82,0.9103,2130
electoral,354,53.12,20.49,0.399,2126
jurisdiction,355,54.95,31.26,0.934,2122
ambition,356,53.91,24.61,0.611,2122
systematic,357,54.76,29.9,0.8758,2121
outsider,358,54.39,27.48,0.75,2119
prevail,359,55.15,32.7,0.9984,2117
virtual,360,54.91,30.96,0.9202,2117
defect,361,54.81,30.24,0.8929,2112
partial,362,54.94,31.18,0.937,2111
observer,363,54.65,29.2,0.844,2102
copyright,364,54.79,30.13,0.8996,2097
ethics,365,54.38,27.43,0.7695,2097
algorithm,366,54.12,25.85,0.705,2096
horizon,367,54.75,29.85,0.8895,2094
popularity,368,54.76,29.9,0.8842,2093
quantitative,369,54.32,27.06,0.7792,2082
desirable,370,54.9,30.93,0.946,2080
eligible,371,54.07,25.51,0.7398,2072
counterpart,372,54.75,29.88,0.9005,2069
diminish,373,54.92,31.07,0.9586,2068
collective,374,54.9,30.94,0.9563,2066
precede,375,54.78,30.08,0.9189,2063
simplify,376,54.82,30.35,0.933,2061
repayment,377,54.6,28.84,0.8817,2050
offshore,378,54.9,30.87,0.9633,2049
marketplace,379,54.47,28.02,0.8402,2048
hardware,380,54.96,31.34,0.9866,2046
comparable,381,54.76,29.93,0.9267,2044
ongoing,382,54.3,26.9,0.801,2035
automobile,383,53.88,24.45,0.6832,2030
proxy,384,54.7,29.48,0.9163,2027
politically,385,53.98,24.98,0.6871,2024
generous,386,54.46,27.91,0.8379,2022
municipal,387,54.1,25.69,0.7586,2021
hostile,388,54.58,28.72,0.8824,2013
tonne,389,54.44,27.8,0.8453,2009
distributor,390,54.55,28.53,0.8884,2005
merit,391,54.88,30.73,0.9902,2001
periodic,392,53.95,24.86,0.7278,1999
barrel,393,54.54,28.45,0.8814,1998
accelerate,394,54.83,30.4,0.9784,1996
transmit,395,54.7,29.52,0.9375,1995
efficiently,396,54.75,29.83,0.9558,1992
designate,397,54.52,28.33,0.8919,1987
consistently,398,54.72,29.67,0.9535,1985
mandate,399,54.58,28.71,0.9059,1982
merchant,400,54.6,28.87,0.9228,1981
developer,401,54.74,29.8,0.9626,1980
delegate,402,54.55,28.48,0.9017,1980
supermarket,403,54.76,29.89,0.9661,1979
donor,404,53.99,25.04,0.7185,1975
gamble,405,54.46,27.92,0.8691,1974
norm,406,54.67,29.3,0.9454,1969
informal,407,54.71,29.56,0.9606,1966
deduction,408,53.96,24.88,0.7641,1965
tighten,409,54.2,26.29,0.7951,1964
amend,410,54.68,29.4,0.9569,1963
squeeze,411,54.08,25.61,0.7663,1957
expiration,412,52.89,19.45,0.5253,1955
appraisal,413,54.23,26.51,0.8317,1954
optimistic,414,54.67,29.31,0.9564,1953
reliability,415,54.35,27.25,0.8679,1949
ultimate,416,54.77,30.02,0.9957,1947
neutral,417,54.54,28.46,0.9226,1947
axis,418,54.34,27.16,0.8571,1947
upgrade,419,54.65,29.16,0.9604,1940
traditionally,420,54.68,29.36,0.9696,1939
exit,421,54.64,29.08,0.9606,1935
fare,422,54.64,29.12,0.9625,1933
scrap,423,54.45,27.83,0.8975,1930
petrol,424,53.83,24.18,0.7122,1929
uncertain,425,54.72,29.65,0.9934,1926
identification,426,54.35,27.23,0.8825,1923
pipeline,427,54.37,27.34,0.879,1922
manual,428,54.47,28.02,0.9241,1920
suicide,429,52.78,18.98,0.4256,1915
terror,430,52.29,16.93,0.3115,1914
quota,431,54.55,28.51,0.9489,1911
workplace,432,54.43,27.74,0.9202,1902
mislead,433,54.61,28.9,0.9834,1891
trustee,434,54.17,26.13,0.8572,1891
attorney,435,53.93,24.72,0.7797,1891
domain,436,53.78,23.9,0.749,1888
frontier,437,54.44,27.8,0.9317,1886
seize,438,53.9,24.57,0.7566,1885
beneficiary,439,54.24,26.56,0.8818,1884
comparative,440,54.17,26.1,0.8538,1882
capitalism,441,54.18,26.19,0.8492,1881
strictly,442,54.49,28.15,0.9552,1879
readily,443,54.55,28.51,0.9748,1877
fraction,444,54.48,28.08,0.9562,1874
ambitious,445,53.62,23,0.6827,1872
wireless,446,53.99,25.08,0.8,1865
solely,447,54.22,26.42,0.8885,1863
capitalization,448,54.17,26.15,0.8716,1863
signature,449,54.49,28.14,0.9679,1862
pioneer,450,54.4,27.54,0.9361,1860
diplomat,451,51.97,15.76,0.2719,1860
oversee,452,54.37,27.34,0.927,1859
endorse,453,54.32,27.04,0.9144,1858
cheque,454,53.72,23.55,0.7569,1858
landlord,455,53.95,24.82,0.8272,1856
trademark,456,53.56,22.71,0.7091,1855
intent,457,54.41,27.58,0.947,1851
auto,458,53.43,22.02,0.6889,1851
lessor,459,53.23,21.04,0.6303,1849
assurance,460,54.29,26.87,0.9242,1841
yen,461,54.51,28.26,0.9901,1840
affiliate,462,53.73,23.58,0.7715,1839
statutory,463,53.72,23.55,0.7752,1839
consent,464,54.34,27.14,0.939,1838
excessive,465,54.52,28.3,0.9956,1836
assemble,466,54.42,27.69,0.9676,1831
renew,467,54.36,27.3,0.9482,1831
exporter,468,54.34,27.19,0.9429,1831
cumulative,469,53.83,24.17,0.7924,1830
prosecutor,470,52.42,17.44,0.3834,1830
absorb,471,54.45,27.86,0.9792,1828
projection,472,54.26,26.65,0.93,1814
slump,473,53.85,24.28,0.7984,1814
lag,474,54.45,27.86,0.9936,1810
volatile,475,54.23,26.47,0.9248,1808
enforcement,476,54.43,27.75,0.9901,1807
sack,477,53.13,20.54,0.5934,1805
enthusiasm,478,53.85,24.25,0.8039,1803
bulk,479,54.36,27.3,0.9721,1801
initiate,480,54.14,25.96,0.9099,1798
calculator,481,53.32,21.47,0.6827,1795
obstacle,482,54.13,25.9,0.8995,1794
render,483,54.33,27.13,0.9745,1787
coup,484,52.17,16.48,0.3574,1783
bundle,485,54.09,25.67,0.903,1781
unexpected,486,54.37,27.38,0.9929,1779
departure,487,54.04,25.34,0.8871,1779
blog,488,53.49,22.31,0.7442,1778
issuance,489,53.64,23.13,0.7839,1774
capitalist,490,54.28,26.79,0.9751,1763
capitalize,491,54.03,25.28,0.8979,1763
contractual,492,53.79,23.93,0.834,1763
differential,493,53.93,24.7,0.8707,1762
amortization,494,52.82,19.14,0.5796,1758
unfair,495,54.2,26.28,0.9544,1755
terminate,496,53.79,23.93,0.8391,1755
advisor,497,51.91,15.53,0.4682,1753
inter,498,54.15,26,0.9445,1751
induce,499,54.21,26.38,0.9646,1750
elite,500,53.19,20.83,0.6421,1747
coordinate,501,53.63,23.08,0.7973,1746
nationalist,502,51.91,15.51,0.3197,1745
willingness,503,54.28,26.8,0.9926,1742
tempt,504,53.94,24.79,0.8814,1740
simultaneously,505,54.19,26.21,0.9652,1738
broadly,506,54.14,25.96,0.9519,1737
demographic,507,54.07,25.54,0.9304,1737
prominent,508,53.92,24.65,0.8782,1734
prospective,509,54.11,25.76,0.9462,1733
conglomerate,510,53.96,24.87,0.8944,1733
contrary,511,54.23,26.49,0.9844,1732
sustainable,512,54.1,25.68,0.9424,1730
stimulus,513,54.07,25.52,0.9357,1727
actively,514,54.1,25.68,0.948,1726
credibility,515,54.14,25.92,0.9579,1725
simulation,516,53.36,21.68,0.7368,1725
senator,517,51.64,14.6,0.2715,1721
adoption,518,54.13,25.88,0.9614,1720
flaw,519,53.77,23.84,0.8413,1720
standardize,520,53.79,23.92,0.8618,1715
outlook,521,53.77,23.85,0.858,1715
consolidation,522,54.19,26.22,0.9875,1710
opt,523,54.07,25.53,0.9507,1710
sensible,524,53.73,23.59,0.8426,1709
headline,525,53.97,24.92,0.916,1708
exemption,526,53.69,23.36,0.8528,1705
deploy,527,53.81,24.07,0.8701,1703
macroeconomic,528,54.05,25.38,0.9493,1702
concession,529,53.71,23.52,0.8415,1702
rumor,530,53.38,21.8,0.739,1700
contingent,531,53.83,24.16,0.8876,1697
diverse,532,54.03,25.31,0.9532,1693
occupation,533,54.01,25.16,0.944,1693
privately,534,54.07,25.5,0.9652,1689
guerrilla,535,52.03,15.96,0.3781,1687
pharmaceutical,536,54.12,25.8,0.9881,1682
administer,537,54.08,25.61,0.9795,1681
automate,538,53.79,23.91,0.8892,1681
repurchase,539,52.93,19.62,0.6489,1679
denote,540,53.3,21.37,0.7538,1678
inequality,541,54.01,25.18,0.9567,1677
plunge,542,53.53,22.53,0.8031,1675
intensive,543,54.11,25.77,0.9977,1669
nonetheless,544,53.85,24.25,0.9131,1664
fax,545,54.03,25.29,0.9769,1662
overview,546,54,25.14,0.9707,1660
correctly,547,53.94,24.79,0.9517,1660
horizontal,548,53.29,21.32,0.7628,1652
legally,549,54.05,25.41,0.995,1649
installment,550,53.63,23.09,0.8702,1649
empirical,551,53.54,22.6,0.8483,1647
revive,552,52.82,19.14,0.614,1645
engagement,553,53.8,24.01,0.9266,1643
inevitable,554,53.68,23.32,0.8781,1643
array,555,53.6,22.93,0.8633,1643
ballot,556,52.97,19.81,0.658,1643
treasury,557,53.85,24.29,0.938,1641
intermediary,558,53.79,23.94,0.9216,1640
reproduce,559,53.7,23.46,0.8946,1640
boast,560,53,19.95,0.6704,1640
militant,561,51.51,14.17,0.2909,1640
discourage,562,53.9,24.52,0.9545,1636
hierarchy,563,53.84,24.22,0.9411,1635
shortly,564,53.84,24.21,0.9388,1634
fate,565,52.85,19.27,0.6284,1634
widen,566,53.69,23.37,0.8894,1633
realistic,567,53.95,24.84,0.9804,1629
terminal,568,53.93,24.71,0.9777,1624
transformation,569,53.85,24.28,0.9535,1623
qualitative,570,53.04,20.14,0.725,1619
deadline,571,53.91,24.58,0.9771,1615
gang,572,53.05,20.18,0.701,1615
tag,573,53.76,23.79,0.9369,1611
automatic,574,53.77,23.84,0.9437,1609
oblige,575,53.39,21.84,0.8209,1609
curb,576,53.06,20.22,0.7094,1607
outlet,577,53.87,24.36,0.976,1603
robust,578,53.62,23.02,0.8991,1600
brokerage,579,52.8,19.07,0.6928,1599
verify,580,53.35,21.63,0.8278,1597
accurately,581,53.65,23.19,0.917,1595
tolerance,582,53.42,21.97,0.8472,1595
devise,583,53.74,23.67,0.943,1593
speculation,584,53.81,24.06,0.9668,1592
inspector,585,53.26,21.19,0.7915,1591
incremental,586,53.21,20.93,0.7859,1590
fighter,587,52.17,16.46,0.4763,1590
subsidize,588,53.6,22.92,0.8992,1589
grip,589,52.83,19.19,0.662,1588
mathematical,590,53.44,22.07,0.8601,1586
assert,591,53.82,24.08,0.9742,1585
underwrite,592,53.67,23.29,0.9344,1583
differentiate,593,53.51,22.43,0.8836,1582
correlate,594,53.28,21.29,0.8203,1581
compel,595,53.82,24.08,0.979,1580
destination,596,53.87,24.38,0.9994,1577
agriculture,597,53.55,22.66,0.894,1577
transmission,598,53.75,23.72,0.9633,1576
multiplier,599,53.01,20.02,0.7481,1576
slowdown,600,53.27,21.23,0.8035,1575
adverse,601,53.55,22.63,0.9031,1574
suspicion,602,52.61,18.24,0.6103,1570
virtue,603,53.62,23,0.9293,1564
flee,604,51.97,15.73,0.4418,1564
bureaucracy,605,53.38,21.76,0.8504,1563
threshold,606,53.64,23.14,0.9441,1559
timely,607,53.15,20.67,0.806,1556
wholesale,608,53.78,23.88,0.9901,1555
legitimate,609,53.78,23.86,0.9886,1555
privacy,610,53.5,22.41,0.9031,1554
behavioral,611,53.34,21.57,0.8533,1554
tangible,612,53.42,21.96,0.8815,1552
dump,613,53.51,22.45,0.9064,1548
documentation,614,53.2,20.91,0.8374,1543
poorly,615,53.59,22.86,0.9379,1542
unemployed,616,53.27,21.23,0.851,1540
discharge,617,53.23,21.04,0.8338,1540
explicit,618,53.69,23.37,0.9742,1539
breakdown,619,53.63,23.06,0.9556,1539
span,620,53.64,23.12,0.9614,1537
bail,621,52.86,19.33,0.7089,1537
incumbent,622,53.03,20.1,0.7632,1534
influential,623,53.58,22.81,0.9443,1532
appreciation,624,53.44,22.07,0.9059,1532
outflow,625,52.93,19.64,0.7524,1530
albeit,626,53.02,20.03,0.7662,1529
tricky,627,52.74,18.78,0.6788,1528
spokesman,628,52.65,18.43,0.6754,1525
correction,629,53.31,21.41,0.8741,1524
contingency,630,53.13,20.56,0.8193,1523
formally,631,53.54,22.62,0.9459,1520
recipient,632,53.66,23.23,0.9845,1519
subtract,633,52.8,19.04,0.733,1519
surrender,634,53.17,20.74,0.842,1517
judicial,635,53.41,21.92,0.9009,1516
certainty,636,53.63,23.05,0.9806,1511
mainstream,637,53.21,20.94,0.8416,1511
administrator,638,53.36,21.67,0.9018,1509
logical,639,53.55,22.67,0.962,1507
rebuild,640,53.1,20.43,0.8131,1507
corrupt,641,52.17,16.48,0.5351,1507
integrity,642,53.56,22.71,0.9649,1506
proposition,643,53.53,22.52,0.9563,1504
litigation,644,53.63,23.07,0.9898,1503
amid,645,52.58,18.13,0.6638,1499
generic,646,53.39,21.8,0.9161,1498
bold,647,53.09,20.39,0.8191,1496
questionnaire,648,53.05,20.17,0.8197,1496
shipment,649,53.37,21.75,0.9178,1493
straightforward,650,53.54,22.61,0.9739,1490
handful,651,52.9,19.51,0.7642,1490
loyal,652,53.41,21.95,0.9302,1488
layout,653,53.05,20.2,0.8324,1487
unchanged,654,53.56,22.71,0.9854,1484
queue,655,53.34,21.55,0.9111,1481
bidder,656,53.38,21.78,0.9335,1478
respective,657,53.26,21.17,0.9006,1478
deliverable,658,51.64,14.58,0.4717,1475
textbook,659,53.09,20.36,0.8426,1474
depict,660,53.4,21.85,0.9412,1473
odds,661,53.39,21.81,0.938,1473
subscriber,662,53.36,21.66,0.93,1473
lifetime,663,53.51,22.44,0.9813,1471
allegation,664,52.7,18.64,0.7208,1469
redemption,665,53.01,19.98,0.8425,1468
downward,666,53.32,21.48,0.9251,1466
grid,667,53.47,22.26,0.9752,1464
newsletter,668,53.31,21.43,0.9261,1464
meaningful,669,53.1,20.43,0.8648,1463
depreciate,670,52.77,18.93,0.7707,1459
interface,671,53.26,21.17,0.9157,1458
digit,672,53.18,20.79,0.8887,1458
convenient,673,53.43,22.01,0.9682,1457
jet,674,53.07,20.28,0.8483,1457
hybrid,675,53.24,21.07,0.9078,1453
foster,676,53.4,21.89,0.9635,1451
provoke,677,52.5,17.79,0.6798,1451
inevitably,678,53.04,20.11,0.8504,1450
shopper,679,53.36,21.68,0.9544,1448
dilemma,680,53.3,21.38,0.9334,1447
invention,681,53.43,22.02,0.9778,1446
info,682,50.51,11.25,0.3715,1446
calendar,683,53,19.95,0.8589,1442
secular,684,51.91,15.52,0.5205,1439
cease,685,53.37,21.71,0.9674,1437
distress,686,53.36,21.66,0.9638,1437
withhold,687,53.35,21.62,0.9623,1437
sterling,688,51.74,14.94,0.582,1437
legacy,689,52.83,19.2,0.7921,1436
thrive,690,53.05,20.18,0.8629,1434
autonomy,691,53.16,20.72,0.9038,1432
commander,692,51.55,14.28,0.4353,1432
toll,693,53.1,20.4,0.8869,1430
accountability,694,53.35,21.64,0.972,1428
incorporation,695,52.3,16.97,0.663,1428
equip,696,53.3,21.4,0.9571,1427
batch,697,53.2,20.89,0.925,1426
essence,698,53.42,21.98,0.9977,1424
prescription,699,53.08,20.31,0.8928,1424
convenience,700,53.27,21.23,0.9514,1422
termination,701,52.71,18.67,0.8006,1420
invasion,702,52.31,17.03,0.6476,1420
bondholder,703,52.77,18.91,0.8034,1418
unveil,704,52.46,17.63,0.7007,1417
intrinsic,705,52.43,17.48,0.7131,1417
continent,706,52.34,17.14,0.6609,1417
solar,707,52.89,19.44,0.8337,1415
translation,708,53.05,20.2,0.8889,1414
computation,709,52.31,17.02,0.6852,1414
diplomatic,710,51.35,13.64,0.4003,1414
advisory,711,52.4,17.39,0.733,1413
battery,712,53.19,20.85,0.9332,1411
modification,713,53.08,20.33,0.9068,1411
convey,714,53.2,20.9,0.9423,1409
customize,715,52.69,18.58,0.7961,1406
ingredient,716,53.36,21.7,0.998,1405
formerly,717,53.26,21.2,0.9651,1405
optimization,718,51.9,15.49,0.6041,1405
ton,719,53.07,20.29,0.9125,1402
recycle,720,53.21,20.95,0.9582,1397
spectrum,721,53.05,20.18,0.9069,1396
tuple,722,49.76,9.47,0.1524,1395
magnitude,723,52.74,18.77,0.8242,1392
theft,724,53.12,20.49,0.9336,1391
quit,725,52.83,19.19,0.8349,1390
validity,726,52.86,19.33,0.8624,1389
interact,727,52.98,19.88,0.8941,1388
gallon,728,52.93,19.65,0.8757,1388
considerably,729,53.14,20.58,0.9466,1385
intervene,730,53.02,20.04,0.904,1385
repertoire,731,48.26,6.7,0.1829,1385
halt,732,52.61,18.25,0.7741,1383
niche,733,53.24,21.08,0.9802,1382
shed,734,52.89,19.44,0.8649,1382
motive,735,53.2,20.91,0.9705,1380
whereby,736,53.09,20.36,0.9406,1377
median,737,52.92,19.57,0.8864,1377
wholly,738,53.17,20.73,0.966,1374
supposedly,739,52.08,16.16,0.624,1373
crude,740,53.08,20.35,0.9454,1367
commissioner,741,52.26,16.84,0.6869,1365
sufficiently,742,53.08,20.3,0.9484,1364
protocol,743,52.94,19.7,0.9024,1363
constrain,744,53.21,20.95,0.9922,1362
installation,745,53.06,20.23,0.9471,1361
publicity,746,52.87,19.36,0.8859,1361
blank,747,52.59,18.14,0.8157,1360
embed,748,52.73,18.75,0.849,1358
legislature,749,52.27,16.86,0.6905,1358
steer,750,53.15,20.66,0.9771,1357
beneficial,751,52.97,19.81,0.9241,1357
punish,752,52.69,18.57,0.8232,1356
predictable,753,53.2,20.88,0.9974,1353
liquidation,754,52.76,18.88,0.8664,1352
chaos,755,52.54,17.93,0.7839,1348
tailor,756,53.03,20.11,0.9538,1346
impairment,757,51.69,14.74,0.5827,1345
harvest,758,52.99,19.9,0.9388,1344
insert,759,52.97,19.83,0.9368,1343
residential,760,52.82,19.14,0.8965,1341
electrical,761,53.05,20.19,0.9642,1340
fluctuate,762,52.63,18.31,0.8403,1340
migrant,763,51.2,13.17,0.4182,1338
objection,764,52.76,18.88,0.8747,1336
macroeconomics,765,51.65,14.63,0.5732,1334
accommodate,766,53.13,20.55,0.9959,1333
preliminary,767,53.07,20.27,0.9766,1333
refund,768,52.56,18.03,0.8356,1331
accrual,769,52.32,17.05,0.7593,1331
confront,770,52.97,19.8,0.9439,1330
punishment,771,52.96,19.78,0.9438,1329
passive,772,52.73,18.73,0.8789,1329
conditional,773,52.64,18.38,0.8523,1326
orientation,774,52.48,17.7,0.8055,1323
dispose,775,52.93,19.62,0.9451,1321
scrutiny,776,52.78,18.99,0.894,1321
accordingly,777,52.87,19.35,0.9295,1320
exile,778,50.67,11.66,0.3125,1319
prescribe,779,52.91,19.54,0.9426,1318
inherent,780,52.73,18.74,0.8902,1318
explicitly,781,53.01,20.02,0.9754,1317
clever,782,52.28,16.89,0.7358,1317
steadily,783,52.99,19.9,0.9673,1316
payback,784,51.48,14.04,0.5416,1315
sacrifice,785,53.05,20.17,0.9901,1313
semi,786,52.97,19.81,0.9672,1312
feasible,787,52.83,19.2,0.9234,1312
conviction,788,52.65,18.39,0.8595,1311
continuously,789,52.67,18.48,0.877,1310
junk,790,53,19.97,0.9809,1309
leak,791,52.47,17.67,0.8063,1309
tier,792,52.97,19.8,0.9728,1306
transparency,793,52.77,18.92,0.9087,1306
inadequate,794,52.99,19.89,0.9798,1305
acre,795,52.94,19.68,0.965,1305
levy,796,52.88,19.39,0.9456,1305
freely,797,52.97,19.83,0.9755,1304
reliance,798,53,19.95,0.9859,1303
covenant,799,52.62,18.29,0.8767,1302
officially,800,52.4,17.38,0.793,1301
prosecute,801,52.49,17.75,0.8218,1300
materially,802,51.92,15.56,0.6797,1297
convict,803,51.95,15.68,0.6572,1296
procurement,804,52.75,18.85,0.9183,1294
clash,805,51.81,15.18,0.6247,1294
deter,806,52.72,18.71,0.9027,1293
prosecution,807,52.44,17.53,0.8145,1291
nasty,808,51.45,13.96,0.5268,1291
condemn,809,51.86,15.35,0.6419,1290
frustrate,810,52.74,18.78,0.9165,1286
operative,811,51.98,15.77,0.7235,1286
privatize,812,52.29,16.96,0.7802,1285
endure,813,52.45,17.56,0.8234,1283
doctrine,814,52.84,19.22,0.9567,1281
distort,815,52.9,19.49,0.9775,1280
triple,816,52.77,18.94,0.9368,1280
textile,817,52.67,18.51,0.9038,1280
dislike,818,52.33,17.11,0.7912,1280
manipulate,819,52.95,19.72,0.9959,1279
unity,820,52.45,17.58,0.8332,1278
alpha,821,51.37,13.72,0.5953,1277
refine,822,52.92,19.6,0.9904,1276
implicit,823,52.78,18.98,0.946,1276
deflation,824,52.4,17.39,0.8222,1275
antitrust,825,52.67,18.49,0.9063,1274
practitioner,826,52.67,18.51,0.9203,1272
prosperity,827,52.59,18.16,0.8856,1271
riot,828,51.39,13.79,0.5304,1271
cater,829,52.16,16.44,0.7846,1270
container,830,52.89,19.44,0.9869,1269
drill,831,52.87,19.38,0.9832,1268
align,832,52.43,17.5,0.8504,1268
reinvest,833,51.97,15.76,0.7307,1268
remainder,834,52.62,18.29,0.9086,1266
provincial,835,51.86,15.34,0.667,1265
puzzle,836,52.79,18.99,0.9579,1264
alert,837,52.65,18.39,0.9178,1264
concede,838,51.89,15.46,0.6762,1264
advertiser,839,52.89,19.46,0.9951,1263
planner,840,52.84,19.24,0.9797,1263
alike,841,52.75,18.82,0.9456,1263
controversy,842,52.78,18.98,0.9614,1260
unusually,843,52.18,16.51,0.7629,1260
fierce,844,51.71,14.83,0.627,1260
veto,845,51.7,14.78,0.6231,1260
instant,846,52.88,19.42,0.9966,1259
ceasefire,847,50,10,0.2126,1259
handset,848,51.69,14.75,0.6191,1258
sentiment,849,52.33,17.12,0.8276,1256
vest,850,52.74,18.79,0.9553,1255
beef,851,52.72,18.7,0.9459,1255
economically,852,52.83,19.2,0.9871,1253
combat,853,52.56,18.05,0.8978,1252
parity,854,52.47,17.66,0.8719,1252
notify,855,52.38,17.31,0.8602,1251
centralize,856,52.83,19.2,0.9904,1250
sovereign,857,52.64,18.36,0.9287,1249
estimation,858,51.82,15.22,0.7067,1249
clarify,859,52.7,18.63,0.9522,1248
basket,860,52.64,18.35,0.9312,1248
lucrative,861,52.36,17.21,0.835,1248
stabilize,862,52.77,18.93,0.9733,1247
repeatedly,863,52.45,17.56,0.8632,1247
molecule,864,51.78,15.05,0.6731,1247
variability,865,51.66,14.65,0.671,1243
strive,866,52.74,18.8,0.9696,1242
cure,867,52.67,18.5,0.9459,1241
creativity,868,52.48,17.72,0.8902,1239
bribe,869,51.81,15.16,0.6718,1239
evident,870,52.8,19.05,0.9984,1233
caution,871,52.74,18.78,0.9781,1233
reservation,872,52.46,17.61,0.8953,1233
militia,873,49.2,8.32,0.0823,1232
wisdom,874,52.62,18.27,0.9414,1230
enact,875,52.61,18.24,0.9419,1229
controller,876,52.58,18.12,0.9344,1228
bankrupt,877,52.69,18.58,0.9729,1224
shield,878,52.39,17.34,0.8739,1224
pact,879,50.91,12.32,0.442,1224
discretion,880,52.6,18.22,0.9501,1223
cautious,881,52.47,17.66,0.9016,1223
supervision,882,52.66,18.43,0.9661,1222
leisure,883,52.22,16.68,0.8429,1220
dictate,884,52.72,18.71,0.9893,1219
purely,885,52.66,18.46,0.9707,1219
substitution,886,51.96,15.71,0.7628,1219
pursuit,887,52.61,18.24,0.9537,1218
minimal,888,52.54,17.97,0.9388,1216
eager,889,52.11,16.25,0.7923,1214
seasonal,890,52.47,17.65,0.9196,1213
vector,891,51.56,14.32,0.6691,1213
institute,892,52.68,18.56,0.9867,1211
endowment,893,52.61,18.22,0.9628,1211
suburb,894,51.18,13.13,0.5275,1211
disability,895,52.09,16.18,0.823,1210
governmental,896,52.53,17.92,0.9427,1208
inefficient,897,52.7,18.62,0.9968,1207
partially,898,52.58,18.12,0.9624,1204
competence,899,52.58,18.11,0.9606,1204
closure,900,52.42,17.47,0.913,1204
slash,901,52.09,16.2,0.8044,1204
overlook,902,52.64,18.38,0.9828,1203
logistics,903,52.33,17.11,0.8834,1202
scarce,904,52.62,18.28,0.977,1201
fleet,905,52.49,17.75,0.9371,1200
restraint,906,52.11,16.27,0.8277,1200
follower,907,52.38,17.31,0.8997,1199
torture,908,50.24,10.56,0.308,1198
crunch,909,51.84,15.28,0.7323,1196
certify,910,52.4,17.36,0.9167,1195
receiver,911,52.37,17.27,0.9101,1194
collaboration,912,52.59,18.14,0.9773,1192
logo,913,52.16,16.43,0.8551,1192
overlap,914,52.61,18.23,0.9855,1191
resume,915,52.17,16.48,0.845,1190
encyclopedia,916,50.27,10.65,0.3655,1190
lump,917,52.49,17.74,0.9523,1189
momentum,918,52.42,17.44,0.9289,1186
probe,919,52.51,17.84,0.9606,1185
aversion,920,51.63,14.57,0.6964,1185
reconcile,921,52.53,17.92,0.9724,1181
indirectly,922,52.54,17.94,0.9769,1180
mandatory,923,52.52,17.87,0.9723,1179
yuan,924,51.51,14.15,0.655,1178
namely,925,52.42,17.46,0.9445,1177
liberty,926,51.85,15.31,0.753,1177
temporarily,927,52.56,18.02,0.9893,1174
decent,928,52.02,15.91,0.8166,1173
reassure,929,51.81,15.17,0.7486,1173
appetite,930,52.02,15.93,0.8159,1172
tobacco,931,52.44,17.53,0.9538,1170
unpopular,932,51.23,13.27,0.5817,1170
confine,933,52.31,17.02,0.9181,1167
consultation,934,52.14,16.37,0.8777,1166
quantify,935,52.16,16.45,0.8815,1165
recruitment,936,51.97,15.75,0.8324,1165
ceiling,937,52.46,17.64,0.976,1160
persist,938,52.44,17.53,0.9666,1160
gauge,939,52.46,17.61,0.9754,1159
plug,940,52.29,16.96,0.9212,1158
corn,941,52.26,16.83,0.9118,1158
skeptical,942,51.8,15.13,0.7605,1158
legislative,943,52.41,17.42,0.9618,1157
independently,944,52.37,17.25,0.9504,1157
junior,945,52.3,16.99,0.9257,1157
negligence,946,51.72,14.85,0.7637,1156
architect,947,52.16,16.45,0.8858,1154
determinant,948,52.01,15.89,0.8478,1154
redeem,949,51.97,15.74,0.842,1153
tribunal,950,51.4,13.79,0.6627,1153
probable,951,52.35,17.2,0.9511,1151
chunk,952,51.72,14.86,0.7439,1151
proprietary,953,52.02,15.92,0.8567,1150
icon,954,51.96,15.7,0.8242,1150
intermediate,955,52.13,16.31,0.8888,1148
steep,956,52.44,17.55,0.9842,1147
conform,957,52.15,16.42,0.8974,1146
acid,958,52.21,16.64,0.9177,1145
safeguard,959,52.37,17.26,0.9651,1144
loom,960,51.44,13.95,0.672,1143
uranium,961,50.47,11.15,0.4117,1142
deductible,962,51.35,13.66,0.7004,1140
postpone,963,52.1,16.22,0.8804,1139
conceptual,964,51.71,14.83,0.7739,1139
assault,965,51.43,13.91,0.6705,1139
optimism,966,52.16,16.43,0.9002,1138
painful,967,51.54,14.27,0.7082,1136
ruler,968,50.87,12.22,0.5167,1136
faction,969,50.87,12.21,0.5167,1136
null,970,50.52,11.28,0.4705,1136
forge,971,52.17,16.47,0.9063,1135
freight,972,52.31,17.03,0.9609,1133
rig,973,51.73,14.89,0.7703,1133
accountable,974,52.39,17.33,0.9871,1131
super,975,52.23,16.7,0.9371,1128
abolish,976,51.7,14.81,0.7754,1128
predetermine,977,51.48,14.06,0.7296,1128
inherit,978,52.08,16.16,0.8908,1127
forum,979,52.3,16.99,0.9658,1126
supervise,980,52.37,17.25,0.9877,1125
overnight,981,52.3,16.99,0.9689,1124
revision,982,52.24,16.75,0.9502,1124
analytical,983,51.75,14.95,0.8112,1124
congressional,984,50.72,11.81,0.4902,1124
spy,985,50.48,11.17,0.4278,1124
necessity,986,52.33,17.09,0.9776,1123
fiber,987,52.2,16.58,0.9341,1123
stall,988,51.66,14.67,0.7659,1122
exclusively,989,52.21,16.65,0.9466,1121
await,990,51.91,15.54,0.8461,1121
lure,991,51.6,14.44,0.7408,1121
desperate,992,51.28,13.42,0.6493,1121
populist,993,49.64,9.21,0.2444,1121
unnecessary,994,52.35,17.16,0.9871,1120
similarity,995,52.22,16.68,0.9472,1120
contemplate,996,52.37,17.25,0.9954,1119
socially,997,52.35,17.18,0.99,1119
admission,998,52.23,16.72,0.9504,1119
raid,999,50.88,12.25,0.5421,1119
diplomacy,1000,50.22,10.51,0.3717,1119
liquidate,1001,51.83,15.24,0.834,1117
lifestyle,1002,52.28,16.89,0.9698,1116
rocket,1003,51.09,12.87,0.6037,1115
debenture,1004,51.39,13.78,0.7153,1114
collar,1005,52.31,17.02,0.9856,1112
outperform,1006,51.77,15.03,0.8251,1112
irrelevant,1007,52.31,17.04,0.9881,1111
diamond,1008,51.8,15.14,0.8164,1111
optimize,1009,51.32,13.55,0.7205,1110
promotional,1010,51.93,15.59,0.8747,1109
broadband,1011,51.01,12.62,0.5882,1109
reactor,1012,51,12.6,0.5879,1109
traveler,1013,52.25,16.8,0.9714,1108
equality,1014,52.26,16.81,0.9741,1107
entail,1015,52.24,16.77,0.9708,1107
compile,1016,52.24,16.74,0.9689,1107
circulation,1017,52.12,16.28,0.9338,1106
petition,1018,52.09,16.18,0.9215,1105
attributable,1019,51.83,15.25,0.8575,1104
revolutionary,1020,51.85,15.32,0.8467,1103
carmaker,1021,49.91,9.79,0.3134,1103
discretionary,1022,52.06,16.06,0.9222,1102
reconciliation,1023,52.17,16.5,0.9541,1101
directive,1024,52.09,16.18,0.9292,1101
mutually,1025,51.89,15.47,0.869,1101
viable,1026,52.23,16.73,0.9769,1100
subprime,1027,51.6,14.44,0.7661,1100
refusal,1028,52.06,16.05,0.9177,1099
outfit,1029,50.73,11.82,0.519,1098
approximate,1030,51.48,14.05,0.7635,1096
geographic,1031,51.48,14.08,0.7627,1094
consortium,1032,51.6,14.46,0.783,1093
speculative,1033,52.17,16.46,0.9657,1092
policeman,1034,50.32,10.77,0.4272,1091
historically,1035,52.19,16.55,0.9736,1090
resemble,1036,52.02,15.93,0.9201,1088
amortize,1037,50.8,12.01,0.5917,1087
exploration,1038,52.1,16.24,0.9536,1086
deliberately,1039,52.11,16.27,0.9559,1085
mill,1040,52.16,16.43,0.9703,1084
loser,1041,51.98,15.79,0.9125,1084
subjective,1042,51.8,15.13,0.8653,1084
builder,1043,51.78,15.07,0.8606,1084
mainland,1044,50.94,12.4,0.5961,1084
retreat,1045,51.44,13.94,0.7425,1083
peaceful,1046,50.73,11.83,0.5398,1082
importantly,1047,52.14,16.37,0.9742,1079
backward,1048,52.12,16.3,0.966,1079
counterparty,1049,51.93,15.59,0.9116,1078
ambassador,1050,50.56,11.38,0.5003,1076
overwhelm,1051,52.06,16.06,0.9498,1075
consistency,1052,51.82,15.2,0.88,1075
unprecedented,1053,51.69,14.75,0.8301,1074
declaration,1054,52.13,16.31,0.9756,1073
rebate,1055,51.79,15.11,0.8782,1072
retention,1056,51.75,14.95,0.8682,1071
harsh,1057,51.45,13.96,0.7605,1068
contend,1058,52.05,16.03,0.9577,1067
covariance,1059,51.11,12.9,0.6855,1064
jointly,1060,52.11,16.25,0.9842,1063
resignation,1061,51.38,13.73,0.7508,1063
promptly,1062,52.11,16.25,0.9851,1062
removal,1063,52.05,16.04,0.9671,1062
exclusion,1064,51.44,13.92,0.8048,1062
bomber,1065,49.84,9.64,0.3382,1062
occurrence,1066,51.4,13.79,0.7749,1061
exceptional,1067,51.86,15.36,0.9143,1060
viewer,1068,51.82,15.21,0.8913,1060
spur,1069,51.85,15.31,0.9021,1059
anniversary,1070,51.64,14.6,0.8408,1057
hazard,1071,52.08,16.15,0.9844,1056
packet,1072,51.88,15.42,0.9175,1056
omit,1073,51.77,15.03,0.8889,1055
prospectus,1074,51.1,12.88,0.727,1055
conscious,1075,52.06,16.05,0.9787,1054
robot,1076,51.93,15.6,0.9358,1054
placement,1077,51.83,15.26,0.9118,1054
desktop,1078,51.72,14.85,0.8788,1054
telecommunication,1079,51.93,15.58,0.9408,1053
buffer,1080,51.78,15.06,0.8933,1051
attain,1081,51.76,15.01,0.894,1051
infect,1082,51.02,12.64,0.6541,1050
formulate,1083,51.8,15.12,0.9084,1048
socialist,1084,51.55,14.3,0.8264,1048
browser,1085,51.09,12.85,0.713,1048
cyclical,1086,52,15.85,0.9698,1047
exaggerate,1087,51.39,13.76,0.7699,1047
likewise,1088,52.05,16.04,0.9876,1046
cartel,1089,51.77,15.04,0.8946,1046
triumph,1090,50.47,11.13,0.51,1046
rationale,1091,51.89,15.45,0.9416,1043
processor,1092,51.83,15.24,0.9244,1043
divert,1093,51.87,15.39,0.9332,1042
delegation,1094,51.86,15.34,0.9316,1041
arguably,1095,51.55,14.3,0.8307,1041
ordinate,1096,51.41,13.84,0.7961,1040
casualty,1097,51.66,14.67,0.8701,1039
verdict,1098,51.27,13.41,0.7434,1039
dot,1099,52.02,15.92,0.9887,1038
distinctive,1100,51.96,15.71,0.9709,1037
inflationary,1101,51.97,15.74,0.9804,1032
salesperson,1102,51.02,12.65,0.7102,1032
tort,1103,50.9,12.31,0.661,1032
positively,1104,51.85,15.31,0.9457,1030
unlimited,1105,51.8,15.15,0.9325,1030
inflate,1106,51.76,15.01,0.9148,1029
constituency,1107,51.44,13.92,0.8091,1029
mineral,1108,51.91,15.53,0.9667,1028
explosion,1109,51.62,14.54,0.8697,1028
liberalization,1110,51.23,13.29,0.7485,1028
buyout,1111,51.72,14.86,0.9119,1027
separation,1112,51.91,15.53,0.9731,1024
memo,1113,51.92,15.54,0.9748,1023
dissolve,1114,51.84,15.27,0.948,1023
donation,1115,51.75,14.97,0.92,1023
remarkably,1116,51.36,13.67,0.7947,1022
internationally,1117,51.96,15.69,0.9909,1021
spark,1118,51.39,13.77,0.8058,1021
migration,1119,51.27,13.4,0.7681,1021
retrieve,1120,51.59,14.43,0.8788,1020
individually,1121,51.74,14.94,0.9278,1019
circuit,1122,51.96,15.69,0.9957,1018
dip,1123,51.7,14.79,0.9136,1018
certification,1124,51.44,13.92,0.8422,1017
slogan,1125,51.6,14.46,0.88,1015
competitiveness,1126,51.85,15.31,0.9664,1014
inclusion,1127,51.62,14.51,0.9,1014
copper,1128,51.62,14.51,0.8912,1013
poison,1129,51.36,13.68,0.8057,1012
justification,1130,51.92,15.57,0.9942,1011
outright,1131,51.69,14.75,0.9163,1011
stance,1132,51.54,14.26,0.8668,1011
fringe,1133,51.93,15.59,0.9973,1010
bitter,1134,50.76,11.92,0.6332,1010
wheat,1135,51.82,15.21,0.9633,1009
hostility,1136,50.77,11.94,0.6338,1008
enlargement,1137,50.65,11.62,0.5959,1008
hub,1138,51.5,14.12,0.8574,1007
trim,1139,51.64,14.59,0.9084,1006
lesser,1140,51.89,15.45,0.9912,1005
republic,1141,50.55,11.36,0.5902,1004
forthcoming,1142,51.65,14.62,0.9175,1003
accessible,1143,51.83,15.24,0.9767,1002
deteriorate,1144,51.86,15.34,0.9866,1001
denounce,1145,50.03,10.07,0.444,1001
artificial,1146,51.85,15.31,0.9868,999
trait,1147,51.61,14.48,0.9086,999
workshop,1148,51.3,13.49,0.835,999
protester,1149,49.05,8.03,0.2218,999
portray,1150,51.47,14.04,0.8619,998
echo,1151,51.08,12.82,0.7411,998
haul,1152,51.6,14.47,0.9131,994
financially,1153,51.74,14.93,0.962,993
maximization,1154,50.7,11.75,0.6626,993
bureaucrat,1155,50.31,10.74,0.529,991
afterward,1156,51.39,13.76,0.8538,990
competency,1157,50.82,12.09,0.7077,990
directory,1158,51.63,14.56,0.9374,987
spouse,1159,51.48,14.07,0.8953,987
dissolution,1160,50.76,11.92,0.6777,987
distortion,1161,51.74,14.91,0.9687,986
continually,1162,51.59,14.41,0.9233,986
coordination,1163,51.18,13.12,0.8111,985
subscribe,1164,51.4,13.8,0.8774,984
renewal,1165,51.39,13.77,0.8758,982
awkward,1166,50.72,11.81,0.6558,982
slack,1167,51.48,14.05,0.8962,981
celebrity,1168,51.08,12.82,0.7589,981
drift,1169,51.64,14.59,0.9447,980
vaccine,1170,50.4,10.97,0.5716,980
insufficient,1171,51.64,14.6,0.9503,979
particle,1172,51.17,13.1,0.7938,979
flavor,1173,51.78,15.06,0.994,978
emergence,1174,51.71,14.84,0.9721,978
interference,1175,51.66,14.66,0.9547,978
indifference,1176,51.04,12.71,0.7632,977
geographical,1177,51.66,14.64,0.9581,976
voucher,1178,51.57,14.37,0.9316,976
encompass,1179,51.62,14.52,0.9483,975
proportional,1180,51.61,14.5,0.9462,975
seminar,1181,51.29,13.45,0.8613,974
uncover,1182,51.68,14.72,0.969,973
petty,1183,51.1,12.89,0.7847,973
convergence,1184,51.71,14.81,0.9786,972
worsen,1185,51.32,13.56,0.8524,972
rejection,1186,51.72,14.86,0.9849,971
reorganization,1187,51.56,14.32,0.9395,969
mitigate,1188,51.32,13.55,0.8691,969
successive,1189,51.68,14.71,0.9766,967
blend,1190,51.66,14.65,0.9721,967
performer,1191,51.65,14.63,0.9695,967
simplicity,1192,51.62,14.51,0.96,966
static,1193,51.44,13.93,0.9087,966
deregulation,1194,51.4,13.8,0.8876,966
computerize,1195,51.35,13.65,0.8788,966
succession,1196,51.45,13.97,0.9037,965
royalty,1197,51.69,14.74,0.9843,964
classroom,1198,51.6,14.45,0.9567,964
spectacular,1199,51.17,13.09,0.8208,964
macro,1200,51.03,12.66,0.7994,964
flourish,1201,51.01,12.62,0.7661,963
insurgent,1202,48.33,6.8,0.1157,963
script,1203,51.6,14.44,0.9601,962
relevance,1204,51.46,13.98,0.9186,962
complement,1205,51.59,14.42,0.959,961
oral,1206,51.41,13.84,0.9024,961
setup,1207,50.42,11.01,0.6285,961
notable,1208,51.54,14.26,0.9424,960
tranche,1209,51.4,13.81,0.9014,960
numerical,1210,51.21,13.23,0.8494,960
policymaker,1211,50.43,11.04,0.6029,960
technically,1212,51.68,14.71,0.9889,959
organ,1213,51.6,14.46,0.9631,959
cheat,1214,51.53,14.21,0.9376,959
utilization,1215,50.98,12.53,0.7853,959
tumble,1216,50.92,12.37,0.7472,959
baseline,1217,50.6,11.48,0.6888,956
template,1218,50.59,11.46,0.6954,956
cheer,1219,50.45,11.09,0.613,956
dependence,1220,51.66,14.66,0.9895,955
instability,1221,51.57,14.35,0.9582,955
obituary,1222,48.81,7.61,0.2157,955
ray,1223,51.41,13.83,0.9058,954
peso,1224,51.23,13.28,0.847,954
denominate,1225,51.25,13.35,0.8681,953
shortfall,1226,51.62,14.52,0.9804,952
durable,1227,51.42,13.86,0.9209,951
countryside,1228,50.38,10.91,0.6122,950
originate,1229,51.51,14.14,0.9497,949
bureaucratic,1230,51.33,13.59,0.8924,949
periodically,1231,51.15,13.02,0.8422,949
campus,1232,51.26,13.36,0.8714,948
stochastic,1233,50.54,11.32,0.6843,948
kidnap,1234,49.38,8.67,0.3421,948
prevention,1235,51.52,14.19,0.9555,947
redundancy,1236,49.87,9.7,0.5714,947
dictator,1237,49.63,9.18,0.4043,947
dual,1238,51.62,14.52,0.99,946
brick,1239,51.6,14.45,0.9825,946
internally,1240,51.49,14.08,0.9473,946
unhappy,1241,51.09,12.86,0.8158,946
erode,1242,51.51,14.14,0.9528,945
refinance,1243,51.08,12.83,0.8328,945
tribal,1244,49.36,8.63,0.3411,945
empower,1245,51.46,14,0.9427,943
oversight,1246,51.4,13.79,0.9216,943
transparent,1247,51.37,13.72,0.9125,943
predictor,1248,50.55,11.36,0.681,943
interfere,1249,51.56,14.31,0.9741,942
dominance,1250,51.54,14.27,0.97,942
segmentation,1251,50.92,12.35,0.7889,942
hugely,1252,50.23,10.54,0.5631,942
arbitrary,1253,51.56,14.32,0.9772,941
seemingly,1254,51.38,13.75,0.9174,941
integral,1255,51.3,13.49,0.9004,941
wholesaler,1256,51.23,13.26,0.8727,941
renewable,1257,51.35,13.65,0.9094,940
bilateral,1258,50.93,12.38,0.7697,940
visa,1259,50.46,11.12,0.6321,940
disagreement,1260,51.45,13.96,0.9428,939
cotton,1261,51.36,13.68,0.9171,939
intensity,1262,51.57,14.35,0.9848,938
routinely,1263,51.24,13.32,0.8755,938
displace,1264,51.23,13.27,0.8716,938
immune,1265,51.19,13.15,0.8632,938
obscure,1266,51.16,13.07,0.8504,938
mobility,1267,51.54,14.25,0.9766,937
dilute,1268,51.49,14.11,0.9621,937
precedent,1269,51.37,13.71,0.9216,937
elaborate,1270,51.56,14.33,0.9865,935
reprint,1271,51.4,13.79,0.9308,935
bull,1272,51.37,13.7,0.9264,935
grocery,1273,51.28,13.44,0.8984,935
satisfactory,1274,51.16,13.07,0.8707,935
clone,1275,50.7,11.74,0.7243,934
extremist,1276,48.94,7.83,0.2629,934
peg,1277,51.48,14.05,0.961,933
idle,1278,51.41,13.82,0.9425,932
urgent,1279,51.26,13.37,0.8944,932
affordable,1280,51.19,13.15,0.877,932
allegedly,1281,50.7,11.76,0.7126,932
laptop,1282,51.14,13.01,0.8571,930
annualize,1283,50.72,11.81,0.7541,930
turmoil,1284,50.83,12.11,0.7595,929
reinforcement,1285,50.67,11.66,0.7456,929
wary,1286,50.64,11.59,0.6989,929
salespeople,1287,50.42,11.03,0.6613,928
credible,1288,51.42,13.87,0.9516,927
woe,1289,50.21,10.49,0.5802,926
capita,1290,51.06,12.77,0.8561,925
underestimate,1291,51.46,14.01,0.9709,924
tolerate,1292,51.34,13.62,0.9304,924
casino,1293,51.15,13.04,0.8679,924
physics,1294,51.02,12.64,0.8272,924
downside,1295,50.65,11.6,0.7433,924
fragile,1296,50.38,10.9,0.6293,924
invade,1297,50.08,10.19,0.5451,924
steam,1298,50.85,12.17,0.7979,923
subtle,1299,51.39,13.76,0.9483,922
hydrogen,1300,50.3,10.72,0.6244,922
underground,1301,51.09,12.86,0.859,921
replicate,1302,51.3,13.5,0.9263,920
crush,1303,50.47,11.15,0.6628,920
appliance,1304,51.42,13.86,0.9652,919
thereafter,1305,51.45,13.95,0.9758,918
generator,1306,51.4,13.81,0.9613,918
breakthrough,1307,51.26,13.37,0.9121,918
rhetoric,1308,50.39,10.94,0.6414,918
delta,1309,50.25,10.59,0.6591,918
seldom,1310,51.45,13.96,0.9772,917
marketable,1311,50.83,12.1,0.7896,917
plausible,1312,51.16,13.05,0.8801,916
graphics,1313,51.23,13.28,0.917,915
conjunction,1314,51.2,13.17,0.9084,915
pan,1315,51.2,13.17,0.8996,915
overhaul,1316,50.99,12.57,0.8295,915
sensor,1317,51.12,12.94,0.8742,914
doubtful,1318,51.09,12.84,0.8655,914
ideological,1319,50.43,11.03,0.6582,914
tribe,1320,49.73,9.39,0.4648,914
grasp,1321,51.27,13.41,0.9257,913
interactive,1322,51.11,12.92,0.8807,913
injection,1323,51.49,14.09,0.9992,912
bracket,1324,51.37,13.69,0.9593,912
inappropriate,1325,51.28,13.42,0.9329,912
outrage,1326,49.88,9.72,0.5071,912
hurdle,1327,51.4,13.79,0.9697,911
morale,1328,51.42,13.88,0.9803,910
coincide,1329,51.38,13.73,0.9649,910
commentator,1330,51.17,13.09,0.8972,910
premier,1331,51.06,12.76,0.862,910
insurgency,1332,48.57,7.2,0.2076,910
incline,1333,51.33,13.59,0.9505,909
averse,1334,51.17,13.09,0.8999,909
pill,1335,51.18,13.14,0.9029,908
nomination,1336,50.02,10.05,0.554,908
enlarge,1337,51.19,13.14,0.907,907
ethanol,1338,49.41,8.74,0.3986,907
fairness,1339,51.4,13.79,0.9779,906
locally,1340,51.37,13.69,0.9682,906
dependency,1341,50.97,12.5,0.8438,906
prepayment,1342,50.36,10.85,0.6837,906
externality,1343,50.81,12.06,0.8077,904
helicopter,1344,50.17,10.39,0.595,904
disrupt,1345,51.15,13.03,0.8988,903
confidential,1346,50.96,12.47,0.8593,903
slot,1347,51.4,13.8,0.9851,902
perpetual,1348,50.94,12.42,0.8414,902
mild,1349,50.9,12.31,0.8218,902
ration,1350,51.39,13.76,0.9826,901
mini,1351,51.36,13.69,0.975,901
mosque,1352,48.91,7.78,0.2899,901
inability,1353,51.43,13.9,0.9998,899
pet,1354,51.4,13.81,0.9908,899
discriminate,1355,51.4,13.81,0.9904,899
analytic,1356,50.24,10.57,0.6716,898
highway,1357,51.22,13.25,0.9342,897
proliferation,1358,50.96,12.46,0.8443,897
autonomous,1359,51.16,13.07,0.9169,896
prone,1360,51.13,12.97,0.9063,894
disruption,1361,51.39,13.77,0.9961,893
drawback,1362,51.38,13.73,0.9918,893
inefficiency,1363,51.34,13.6,0.9788,893
relieve,1364,51.33,13.58,0.9757,893
downgrade,1365,51.03,12.66,0.8799,893
ideology,1366,50.7,11.76,0.7806,892
greenhouse,1367,50.74,11.84,0.783,891
plead,1368,50.93,12.39,0.8485,890
openly,1369,50.76,11.9,0.7922,890
elastic,1370,50.52,11.27,0.7402,889
oust,1371,49.7,9.32,0.4887,889
spite,1372,51.26,13.37,0.9644,887
thorough,1373,51.26,13.35,0.9635,887
forbid,1374,51.12,12.93,0.9144,887
entrant,1375,51.17,13.1,0.9396,886
underwriter,1376,51.12,12.95,0.9257,886
cattle,1377,51.1,12.89,0.9118,886
overtime,1378,50.97,12.51,0.8836,885
newcomer,1379,50.63,11.57,0.7633,884
prolong,1380,51.09,12.84,0.911,883
salvage,1381,50.76,11.91,0.8131,883
pursuant,1382,50.32,10.76,0.7242,883
appropriately,1383,51.01,12.63,0.8972,882
cleaner,1384,51.19,13.16,0.9504,881
accusation,1385,50.15,10.34,0.6216,881
entrepreneurial,1386,51.26,13.37,0.9767,879
devaluation,1387,51.16,13.05,0.9434,879
outlay,1388,50.96,12.48,0.8847,879
simulate,1389,50.88,12.24,0.8584,879
continental,1390,50.59,11.45,0.7677,879
precious,1391,51.21,13.21,0.9611,878
regain,1392,50.85,12.17,0.8417,878
differentiation,1393,50.75,11.87,0.8253,878
restrictive,1394,51.05,12.73,0.9146,877
deed,1395,51.18,13.12,0.9551,876
competent,1396,51.25,13.33,0.9784,875
horror,1397,49.86,9.68,0.5537,875
mechanical,1398,51.27,13.38,0.9862,874
nationwide,1399,51.17,13.1,0.9574,873
occasional,1400,51.05,12.72,0.9159,873
earthquake,1401,50.42,11,0.7115,873
nominate,1402,50.92,12.36,0.8779,872
globe,1403,51.09,12.86,0.9343,871
sovereignty,1404,49.98,9.95,0.5875,871
asylum,1405,48.9,7.76,0.3204,871
isolation,1406,51.22,13.25,0.9781,870
circulate,1407,51.11,12.9,0.9425,870
overstate,1408,51.04,12.7,0.9163,870
partition,1409,50.66,11.64,0.803,870
hypothetical,1410,50.84,12.14,0.8699,868
deprive,1411,50.96,12.48,0.8958,867
homeowner,1412,50.68,11.7,0.8242,867
investigator,1413,51.04,12.71,0.9229,866
explosive,1414,50.83,12.1,0.8531,866
tactical,1415,51.14,12.99,0.959,865
psychology,1416,50.89,12.29,0.8866,865
reap,1417,51.22,13.26,0.9886,864
disposable,1418,51.18,13.12,0.9736,864
arbitration,1419,50.73,11.84,0.8477,864
furnish,1420,50.98,12.55,0.9192,863
boycott,1421,49.83,9.62,0.5575,863
discrete,1422,50.17,10.39,0.6955,862
gloomy,1423,49.73,9.4,0.5385,862
unpredictable,1424,51.21,13.23,0.9906,861
worthwhile,1425,51.09,12.84,0.9508,861
consecutive,1426,50.89,12.26,0.8899,861
accumulation,1427,50.81,12.04,0.8711,861
disastrous,1428,50.75,11.89,0.8383,861
dissident,1429,49.46,8.83,0.464,861
tremendous,1430,51.06,12.76,0.9452,860
prototype,1431,51.02,12.64,0.9277,859
defensive,1432,51.19,13.15,0.987,858
cinema,1433,50.62,11.54,0.8065,858
communism,1434,50.28,10.67,0.7011,858
unpaid,1435,51.15,13.03,0.9761,857
drain,1436,51.07,12.79,0.9493,857
frustration,1437,50.94,12.4,0.9033,857
mentor,1438,50.81,12.04,0.8643,857
fret,1439,48.9,7.77,0.3352,857
depart,1440,51.11,12.91,0.964,856
undervalue,1441,50.86,12.2,0.8899,856
diligence,1442,50.87,12.23,0.8994,855
suspicious,1443,50.73,11.83,0.8394,855
outweigh,1444,51.2,13.17,0.9963,854
reminder,1445,51.08,12.82,0.9567,854
yearly,1446,51.02,12.65,0.9416,854
undoubtedly,1447,50.93,12.38,0.9125,853
composite,1448,50.8,12.01,0.8834,852
specialty,1449,50.16,10.38,0.7088,852
pizza,1450,49.95,9.89,0.6299,851
micro,1451,51.14,13,0.9845,850
ideally,1452,51.02,12.64,0.9472,850
casual,1453,50.77,11.93,0.8734,850
amongst,1454,50.07,10.17,0.7162,850
congressman,1455,48.7,7.41,0.2989,850
transit,1456,51.03,12.68,0.9526,849
meantime,1457,50.84,12.13,0.8871,849
ratify,1458,50.6,11.47,0.8049,849
healthcare,1459,50.03,10.07,0.691,849
eventual,1460,50.98,12.53,0.9355,847
vague,1461,50.91,12.32,0.9118,847
correspondent,1462,50.22,10.53,0.6999,846
doom,1463,50.42,11.01,0.7595,844
rage,1464,50.05,10.12,0.6491,844
myth,1465,50.92,12.36,0.9229,843
synthetic,1466,50.63,11.56,0.8458,843
inspect,1467,51.04,12.7,0.9662,841
outbreak,1468,49.82,9.59,0.5868,841
separatist,1469,48.94,7.83,0.3587,839
deficiency,1470,50.88,12.25,0.9241,838
imbalance,1471,51.01,12.61,0.963,837
bolster,1472,50.33,10.78,0.7418,837
constructive,1473,50.97,12.51,0.9561,836
laser,1474,50.63,11.55,0.8405,836
smuggle,1475,50.14,10.34,0.6899,836
loop,1476,51.02,12.64,0.9704,835
proclaim,1477,50.27,10.65,0.7279,835
vacation,1478,50.38,10.92,0.7801,834
audio,1479,50.99,12.55,0.9644,833
delete,1480,50.7,11.76,0.8831,833
disable,1481,50.85,12.16,0.9257,832
commence,1482,50.35,10.83,0.7961,832
skeptic,1483,49.9,9.76,0.6194,832
bounce,1484,50.69,11.72,0.8681,831
defective,1485,50.11,10.25,0.7087,831
reformer,1486,49.5,8.9,0.5214,831
endorsement,1487,50.96,12.47,0.9587,830
unwilling,1488,50.95,12.44,0.9559,829
cheaply,1489,50.58,11.43,0.8342,829
enrich,1490,50.5,11.22,0.8072,829
prop,1491,50.29,10.69,0.7453,828
depositor,1492,51.05,12.73,0.9947,826
cargo,1493,50.96,12.48,0.9689,825
clout,1494,49.51,8.93,0.5236,825
thumb,1495,51.03,12.66,0.9926,823
mall,1496,50.74,11.86,0.8973,823
authorization,1497,50.78,11.96,0.9193,822
faculty,1498,50.57,11.4,0.8593,821
decree,1499,50.28,10.67,0.754,821
collectively,1500,50.95,12.44,0.9734,820
conspiracy,1501,50.23,10.54,0.7372,820
dioxide,1502,50.67,11.66,0.8808,819
enhancement,1503,50.39,10.94,0.8139,819
decentralize,1504,50.87,12.23,0.9528,818
explode,1505,50.52,11.26,0.831,818
pensioner,1506,49.78,9.5,0.64,818
unauthorize,1507,50.74,11.86,0.9123,817
pin,1508,50.72,11.79,0.9019,817
aluminum,1509,50.94,12.42,0.9774,816
presume,1510,51,12.6,0.9992,815
prudent,1511,50.93,12.37,0.9747,815
dispatch,1512,50.63,11.57,0.8835,815
spill,1513,50.79,12,0.9309,814
census,1514,50.88,12.25,0.9623,813
vow,1515,49.01,7.96,0.4142,813
ineffective,1516,50.91,12.32,0.9729,812
adequately,1517,50.75,11.9,0.9289,812
prosper,1518,50.65,11.61,0.8859,812
devastate,1519,50.63,11.56,0.8807,812
testimony,1520,50.7,11.75,0.9044,811
manipulation,1521,50.95,12.46,0.9924,810
cooperative,1522,50.42,11.02,0.8343,810
streamline,1523,50.78,11.98,0.9396,809
rigid,1524,50.78,11.96,0.9355,809
tenure,1525,50.84,12.12,0.9562,808
milestone,1526,50.43,11.03,0.8296,808
optimum,1527,50.41,11,0.8378,808
subsection,1528,49.81,9.58,0.6902,808
excellence,1529,50.89,12.27,0.9763,807
thoroughly,1530,50.87,12.23,0.9722,807
dose,1531,50.48,11.16,0.8467,807
formulation,1532,50.61,11.51,0.8947,806
exert,1533,50.87,12.21,0.9719,805
expectancy,1534,50.86,12.18,0.9689,805
syndicate,1535,50.78,11.97,0.9479,805
discontinue,1536,50.18,10.41,0.7683,805
unfavorable,1537,50.4,10.98,0.8358,802
proprietorship,1538,48.92,7.8,0.4557,801
franc,1539,50.44,11.07,0.8521,799
policyholder,1540,50.06,10.14,0.7705,799
sustainability,1541,49.97,9.92,0.7313,799
supervisory,1542,50.84,12.13,0.9762,798
brochure,1543,49.74,9.42,0.7038,798
sheer,1544,50.58,11.43,0.8919,797
electorate,1545,49.68,9.3,0.614,797
realization,1546,50.7,11.76,0.9367,796
neo,1547,49.91,9.79,0.689,796
reinvestment,1548,49.64,9.21,0.6568,796
clue,1549,50.84,12.14,0.9821,795
scratch,1550,50.72,11.8,0.9403,795
dissent,1551,50.47,11.13,0.8558,795
pit,1552,50.3,10.72,0.814,795
intrigue,1553,50.11,10.25,0.7431,795
patch,1554,50.51,11.24,0.8722,794
brave,1555,49.53,8.98,0.5859,794
pending,1556,50.82,12.07,0.9779,793
scatter,1557,50.76,11.92,0.9577,793
annum,1558,50.05,10.12,0.7705,793
mar,1559,49.77,9.48,0.6544,793
restrain,1560,50.62,11.54,0.9147,792
configuration,1561,50.12,10.29,0.781,792
reportedly,1562,49.68,9.29,0.6218,792
rewrite,1563,50.83,12.09,0.9834,791
broaden,1564,50.82,12.08,0.984,790
negotiator,1565,50.13,10.31,0.7661,790
offensive,1566,50.5,11.22,0.878,789
rape,1567,49.12,8.16,0.4727,789
embody,1568,50.83,12.1,0.9905,788
deployment,1569,50.67,11.66,0.9366,788
detection,1570,50.56,11.36,0.9036,788
bullet,1571,50.42,11.02,0.857,787
permanently,1572,50.8,12.03,0.9852,786
intelligent,1573,50.7,11.74,0.9495,786
conservation,1574,50.33,10.79,0.8384,786
slim,1575,50.08,10.18,0.7531,786
synergy,1576,50.72,11.79,0.959,785
incomplete,1577,50.61,11.5,0.9243,785
beam,1578,50.12,10.28,0.7685,785
disguise,1579,50.59,11.46,0.9184,784
charitable,1580,50.81,12.04,0.9961,781
selective,1581,50.8,12.02,0.9932,781
assertion,1582,50.64,11.6,0.9436,781
dictatorship,1583,48.98,7.91,0.4518,781
fraudulent,1584,50.54,11.32,0.9109,780
constituent,1585,50.76,11.92,0.9852,779
compatible,1586,50.69,11.73,0.9642,779
fiduciary,1587,50.27,10.64,0.8478,779
inference,1588,50.05,10.12,0.7764,779
speculate,1589,50.72,11.82,0.9738,778
liter,1590,50.72,11.8,0.9719,778
citizenship,1591,50.35,10.84,0.8502,778
rebound,1592,50.27,10.64,0.8303,778
beverage,1593,50.22,10.52,0.8281,777
scorecard,1594,49.4,8.71,0.6053,776
ounce,1595,50.52,11.28,0.9154,775
tunnel,1596,50.4,10.96,0.8781,775
clinic,1597,50.29,10.69,0.8344,775
referral,1598,50.47,11.15,0.9057,774
plague,1599,50.1,10.23,0.7753,774
killer,1600,49.71,9.36,0.6573,774
grave,1601,49.71,9.36,0.6604,774
residence,1602,50.65,11.63,0.9625,773
poster,1603,50.28,10.67,0.848,773
contributor,1604,50.72,11.81,0.9853,772
cognitive,1605,50.18,10.42,0.8198,772
negotiable,1606,50.14,10.32,0.8053,772
reconstruction,1607,50.36,10.86,0.8664,771
restate,1608,50.49,11.18,0.9139,769
rightly,1609,50.01,10.03,0.7655,769
converge,1610,50.7,11.74,0.9835,768
sadly,1611,49.7,9.33,0.6735,768
paramilitary,1612,47.54,5.68,0.1527,768
incorrect,1613,50.42,11.01,0.899,767
compulsory,1615,50.25,10.59,0.8491,767
dismantle,1616,49.88,9.74,0.7237,767
precision,1617,50.7,11.74,0.988,766
ink,1618,50.69,11.73,0.9897,764
duly,1619,50.43,11.03,0.8997,764
baseball,1620,50.35,10.83,0.8719,764
reformist,1621,48.18,6.57,0.2844,764
imminent,1622,50.11,10.26,0.799,763
editorial,1623,50.48,11.18,0.9278,762
sympathy,1624,49.38,8.68,0.5892,762
forecaster,1625,50.44,11.07,0.9118,761
clip,1626,50.57,11.4,0.9554,760
conceal,1627,50.55,11.35,0.95,760
lab,1628,50.54,11.33,0.9478,760
unrelated,1629,50.54,11.31,0.9465,760
clarity,1630,50.68,11.7,0.9954,759
rigorous,1631,50.66,11.65,0.9916,758
suite,1632,50.23,10.55,0.8714,757
flotation,1633,50.22,10.51,0.8506,757
atom,1634,49.71,9.35,0.7059,757
hitherto,1635,49.07,8.08,0.5159,757
apple,1636,50.38,10.93,0.9086,756
maneuver,1637,50.03,10.07,0.7896,756
prosperous,1638,49.95,9.89,0.7622,756
launder,1639,50.32,10.76,0.8798,755
statistically,1640,50.28,10.67,0.881,754
instructor,1641,49.8,9.55,0.7379,754
instruct,1642,50.56,11.37,0.967,753
specialization,1643,50.36,10.86,0.9072,753
globally,1644,50.23,10.55,0.8678,752
hungry,1645,49.97,9.94,0.7776,752
cleric,1646,47.23,5.29,0.1119,752
pronounce,1647,50.6,11.47,0.9839,750
archive,1648,50.5,11.22,0.9549,750
unify,1649,50.59,11.45,0.9836,749
redesign,1650,50.53,11.31,0.9661,749
adhere,1651,50.44,11.07,0.9379,749
dash,1652,50.37,10.89,0.9098,749
enthusiastic,1653,50.16,10.37,0.8439,749
rein,1654,49.74,9.43,0.7097,749
dismissal,1655,49.34,8.59,0.6665,749
empowerment,1656,49.98,9.95,0.7924,748
revival,1657,49.64,9.2,0.6819,748
nationalize,1658,49.32,8.55,0.6443,748
swiftly,1659,49.58,9.07,0.6665,747
trainee,1660,49.42,8.76,0.6747,747
nationalism,1661,48.69,7.4,0.4282,747
void,1662,50.44,11.06,0.9442,746
confirmation,1663,50.51,11.25,0.9681,745
prejudice,1664,50.13,10.31,0.8464,745
enforceable,1665,50.07,10.16,0.8323,745
instinct,1666,49.83,9.62,0.746,745
dub,1667,49.63,9.18,0.6816,745
deliberate,1668,50.54,11.32,0.9767,744
approximation,1669,49.86,9.67,0.7777,744
unsecured,1670,50.21,10.5,0.8812,743
quotation,1671,50.18,10.43,0.8754,743
cruise,1672,50.15,10.35,0.8614,743
timetable,1673,49.54,9.01,0.6929,743
mold,1674,50.56,11.38,0.9884,742
blast,1675,49.59,9.11,0.6769,742
seeker,1676,49.93,9.85,0.783,741
accomplishment,1677,49.91,9.79,0.7862,741
alas,1678,48.76,7.51,0.4532,741
impair,1679,50.08,10.2,0.8456,740
memorandum,1680,49.87,9.7,0.7989,740
testify,1681,50.16,10.37,0.8573,739
prod,1682,49.8,9.54,0.747,739
liberalize,1683,49.26,8.44,0.5871,739
bully,1684,49.13,8.19,0.5531,739
persistent,1685,50.56,11.38,0.9962,738
catastrophe,1686,50.09,10.2,0.8383,738
endless,1687,50.29,10.68,0.9069,737
revaluation,1688,50.21,10.5,0.8869,737
swell,1689,49.66,9.26,0.7107,737
cancellation,1690,50.3,10.71,0.9208,736
worthy,1691,50.27,10.65,0.9059,735
resale,1692,50.07,10.16,0.8516,735
progressive,1693,50.5,11.23,0.9848,734
corrective,1694,49.98,9.95,0.8242,734
physician,1695,49.94,9.86,0.815,734
genocide,1696,47.37,5.46,0.1559,734
legitimacy,1697,49.71,9.36,0.7288,733
speculator,1698,50.51,11.25,0.9913,732
inconsistent,1699,50.33,10.79,0.9343,732
captain,1700,50.31,10.73,0.9255,732
plainly,1701,49.31,8.54,0.6161,732
equate,1702,50.31,10.75,0.9331,731
programmer,1703,50.44,11.07,0.9711,730
unexpectedly,1704,50.18,10.42,0.8839,730
timber,1705,50.14,10.34,0.8815,730
credential,1706,50.02,10.04,0.8313,730
lately,1707,49.97,9.94,0.8191,730
randomly,1708,49.82,9.6,0.7848,730
colonial,1709,49.62,9.16,0.7116,730
underpin,1710,50.41,10.99,0.963,729
diary,1711,49.95,9.89,0.8264,729
heir,1712,49.94,9.87,0.8073,729
genuinely,1713,49.93,9.84,0.8112,729
passport,1714,49.72,9.37,0.7453,728
severely,1715,50.48,11.18,0.9918,727
grim,1716,49.09,8.11,0.5632,727
relational,1717,48.97,7.88,0.5634,727
brutal,1718,48.7,7.41,0.4575,727
quasi,1719,50.48,11.18,0.994,726
monopolist,1720,50.21,10.51,0.9098,726
physically,1721,50.46,11.11,0.9873,725
disposition,1722,49.94,9.86,0.837,725
histogram,1723,48.58,7.21,0.4711,725
misunderstand,1724,50.45,11.1,0.9875,724
stack,1725,50.44,11.07,0.9834,724
recipe,1726,50.31,10.75,0.9416,724
outgoing,1727,49.96,9.91,0.8261,724
worksheet,1728,49.34,8.58,0.6777,724
biography,1729,49.06,8.05,0.5577,724
serial,1730,50.37,10.89,0.9636,723
intercept,1731,50.09,10.22,0.872,723
dent,1732,50,10,0.8378,723
absorption,1733,49.91,9.78,0.8249,723
importer,1734,50.3,10.72,0.9451,722
verbal,1735,50.3,10.71,0.944,722
peacekeeping,1736,48.4,6.92,0.3925,722
continuity,1737,50.39,10.93,0.9725,721
geography,1738,50.36,10.86,0.9633,721
dismal,1739,49.45,8.82,0.6736,721
magnetic,1740,50.15,10.35,0.8955,720
generalize,1741,50.06,10.13,0.8737,720
confrontation,1742,49.71,9.35,0.7537,720
demise,1743,50.01,10.03,0.8522,719
reversal,1744,50.36,10.86,0.9682,718
tide,1745,49.94,9.86,0.8315,718
saver,1746,50.31,10.74,0.9553,717
tick,1747,50.24,10.56,0.9332,717
bug,1748,50.08,10.18,0.8805,716
intensify,1749,49.98,9.94,0.8454,716
reluctance,1750,49.89,9.75,0.8203,716
aviation,1751,49.56,9.03,0.7162,716
defy,1752,49.41,8.73,0.6693,716
confer,1753,50.24,10.56,0.9372,715
portable,1754,50.4,10.97,0.9912,714
surveillance,1755,49.97,9.94,0.8504,714
decimal,1756,49.25,8.42,0.6611,714
realizable,1757,49.05,8.03,0.6059,714
